,start,step_10,step_25,step_50,step_100,step_200,step_300,step_400,step_500
weights_start_mlp.0.weight_input_size,0.0015536723658442497,0.0035397799219936132,0.0041579557582736015,0.0010422723134979606,0.0010422723134979606,0.0011715437285602093,0.0010078741470351815,0.000698895484674722,0.000698895484674722
weights_start_mlp.0.weight_output_size,0.010981164872646332,0.006303110625594854,0.006626273971050978,0.0014796409523114562,0.0014796409523114562,0.0039775557816028595,0.003581857541576028,0.002837742678821087,0.002837742678821087
weights_start_mlp.0.weight_mean,0.00222195778042078,0.0026298013981431723,0.006044479552656412,0.0026357274036854506,0.0026357274036854506,0.003391048638150096,0.0036497358232736588,0.002133255824446678,0.002133255824446678
weights_start_mlp.0.weight_median,0.004363879561424255,0.00670974887907505,0.0018096977146342397,0.003050919622182846,0.003050919622182846,0.003262188984081149,0.003058462170884013,0.0026795470621436834,0.0026795470621436834
weights_start_mlp.0.weight_std,0.005561031401157379,0.0018081533489748836,0.0010894659208133817,0.00017527224554214627,0.00017527224554214627,0.0014049221063032746,0.0018265508115291595,0.0017741710180416703,0.0017741710180416703
weights_start_mlp.0.weight_max,0.005348909646272659,0.0004704983439296484,0.002957043005153537,2.561101246101316e-05,2.561101246101316e-05,0.0034426043275743723,0.00045856591896153986,5.5544020142406225e-05,5.5544020142406225e-05
weights_start_mlp.0.weight_min,0.005620047450065613,0.0004514305910561234,5.562544060921937e-07,6.96232245900319e-06,6.96232245900319e-06,1.6818324866108014e-06,1.3605215826828498e-05,9.458744898438454e-05,9.458744898438454e-05
weights_start_mlp.0.weight_var,0.002006084658205509,5.815807162434794e-05,4.2413175833644345e-05,2.9148888643248938e-05,2.9148888643248938e-05,0.0022634014021605253,0.0,2.1131845642230473e-05,2.1131845642230473e-05
weights_start_mlp.0.weight_frobenius_norm,0.030784139409661293,0.00010518595081521198,0.005630567669868469,0.00042104817111976445,0.00042104817111976445,0.002004925860092044,0.004821412265300751,0.00460827024653554,0.00460827024653554
weights_start_mlp.0.weight_spectral_norm,0.03732260689139366,0.0032021014485508204,3.4160919312853366e-05,0.007495865225791931,0.007495865225791931,0.003316418966278434,0.004253822844475508,0.001989783486351371,0.001989783486351371
weights_start_mlp.0.weight_alpha,0.01712167076766491,0.0003226201224606484,0.0,0.002623651409521699,0.002623651409521699,0.0010440998012199998,0.007817229256033897,0.005495402496308088,0.005495402496308088
weights_start_mlp.0.weight_alpha_hat,0.013522028923034668,0.011206311173737049,0.00042941246647387743,1.2418557844284805e-06,1.2418557844284805e-06,0.00228523020632565,0.003286423161625862,0.002070079790428281,0.002070079790428281
weights_start_mlp.1.weight_input_size,0.04036536440253258,0.0,0.0,0.0,0.0,0.0,0.0,0.0,0.0
weights_start_mlp.1.weight_output_size,0.018085435032844543,0.0,0.0,0.0,0.0,0.0,0.0,0.0,0.0
weights_start_mlp.1.weight_mean,0.023741021752357483,0.006632667500525713,0.0,0.0021809255704283714,0.0021809255704283714,0.0021430759225040674,0.0031963232904672623,0.0017322134226560593,0.0017322134226560593
weights_start_mlp.1.weight_median,0.021393349394202232,0.0003342109266668558,0.0,0.0024023817386478186,0.0024023817386478186,0.004560243338346481,0.005700665060430765,0.003442389890551567,0.003442389890551567
weights_start_mlp.1.weight_std,0.02959566004574299,4.238253677613102e-05,0.0,0.0,0.0,0.0024541406892240047,0.00010466668754816055,0.0018439757404848933,0.0018439757404848933
weights_start_mlp.1.weight_max,0.04073898866772652,0.0,0.0,0.0,0.0,2.1383673811214976e-05,0.0,0.0,0.0
weights_start_mlp.1.weight_min,0.07665408402681351,0.0,0.0,0.0,0.0,0.0022001469042152166,0.002150521846488118,7.421259056172858e-07,7.421259056172858e-07
weights_start_mlp.1.weight_var,0.03462734445929527,0.0,0.0,0.00017173931701108813,0.00017173931701108813,0.00010911188292084262,9.163440699921921e-05,0.0,0.0
weights_start_mlp.1.weight_frobenius_norm,0.09761998802423477,8.094611985143274e-05,0.0,0.0,0.0,0.002534914994612336,0.0,3.1206566291075433e-06,3.1206566291075433e-06
weights_start_mlp.1.weight_spectral_norm,0.02582095004618168,0.0,0.0,0.0022550856228917837,0.0022550856228917837,0.0032207889016717672,0.0011058967793360353,0.0,0.0
weights_start_mlp.1.weight_alpha,0.01349067222326994,0.0004664261650759727,0.0003208356793038547,6.642752396146534e-06,6.642752396146534e-06,0.0010826375801116228,0.0018405327573418617,8.311075362144038e-05,8.311075362144038e-05
weights_start_mlp.1.weight_alpha_hat,0.004227458033710718,0.000790011661592871,0.0005586571642197669,0.0004525686090346426,0.0004525686090346426,0.0005598690477199852,0.0006699846126139164,0.0005907317972742021,0.0005907317972742021
weights_start_mlp.2.weight_input_size,0.0,0.0,0.0,0.0,0.0,0.0,0.0,0.0,0.0
weights_start_mlp.2.weight_output_size,0.0,0.0,0.0,0.0,0.0,0.0,0.0,0.0,0.0
weights_start_mlp.2.weight_mean,0.009559866040945053,0.002371389651671052,0.0018414477817714214,1.850235457823146e-05,1.850235457823146e-05,0.002144443104043603,0.002360008889809251,0.004451208282262087,0.004451208282262087
weights_start_mlp.2.weight_median,0.010992921888828278,0.0028492535930126905,0.0,0.0020022920798510313,0.0020022920798510313,0.0,0.0018394202925264835,0.0022958822082728148,0.0022958822082728148
weights_start_mlp.2.weight_std,0.025206049904227257,0.0,0.0,0.0,0.0,0.0,0.0,0.0,0.0
weights_start_mlp.2.weight_max,0.01210784912109375,0.0,0.0,0.0,0.0,0.0,0.0,0.0,0.0
weights_start_mlp.2.weight_min,0.06825103610754013,0.0,0.0,0.0,0.0,0.0,1.0679476872610394e-05,0.0,0.0
weights_start_mlp.2.weight_var,0.011352772824466228,0.0,0.0,0.0,0.0,0.0,0.0,0.00010182973346672952,0.00010182973346672952
weights_start_mlp.2.weight_frobenius_norm,0.02329316921532154,0.0,0.0,0.0,0.0,0.0,0.0,0.0,0.0
weights_start_mlp.2.weight_spectral_norm,0.006960948929190636,0.0,0.0,8.728428656468168e-05,8.728428656468168e-05,0.00012176320888102055,0.00025616437778808177,5.424199116532691e-05,5.424199116532691e-05
weights_start_mlp.2.weight_alpha,0.007759887725114822,0.0,0.0,0.0,0.0,0.0,0.002885069465264678,0.0002600493317004293,0.0002600493317004293
weights_start_mlp.2.weight_alpha_hat,0.009854461066424847,0.0,0.0,0.0004715147952083498,0.0004715147952083498,0.0005230913520790637,0.0004371409013401717,1.1819493920484092e-05,1.1819493920484092e-05
weights_start_out.weight_input_size,0.0,0.0,0.0,0.0,0.0,0.0,0.0,0.0,0.0
weights_start_out.weight_output_size,0.0,0.0,0.0,0.0,0.0,0.0,0.0,0.0,0.0
weights_start_out.weight_mean,0.006804314907640219,0.00011494773934828117,0.0028693184722214937,0.00128380476962775,0.00128380476962775,0.002112622605636716,0.0001998877414735034,0.0029177870601415634,0.0029177870601415634
weights_start_out.weight_median,0.006754073780030012,0.0,0.002452192595228553,0.0005760055501013994,0.0005760055501013994,0.00032329437090083957,0.0,0.002820915775373578,0.002820915775373578
weights_start_out.weight_std,0.0,0.0,0.0,0.0,0.0,0.0,0.0,0.0,0.0
weights_start_out.weight_max,0.02696743793785572,0.0,0.0,0.0,0.0,0.0,0.0,0.0,0.0
weights_start_out.weight_min,0.05564074590802193,0.0,0.0,0.00011175649706274271,0.00011175649706274271,0.00010924782691290602,0.0001049258207785897,9.572948329150677e-05,9.572948329150677e-05
weights_start_out.weight_var,0.0,0.0,0.0,0.0,0.0,0.0,0.0,0.0,0.0
weights_start_out.weight_frobenius_norm,0.010138877667486668,0.0014791575958952308,0.0009550829418003559,0.00013263797154650092,0.00013263797154650092,0.0004516993649303913,0.000966356776189059,0.000870442483574152,0.000870442483574152
weights_start_out.weight_spectral_norm,0.030488373711705208,0.003013638546690345,0.0,1.403046462655766e-05,1.403046462655766e-05,1.4723363165103365e-05,0.0,0.0,0.0
weights_start_out.weight_alpha,0.03356214240193367,0.0009181498899124563,0.0,0.0,0.0,0.00016358176071662456,0.00015733919281046838,0.0,0.0
weights_start_out.weight_alpha_hat,0.04907805845141411,0.0,0.0,0.00033033904037438333,0.00033033904037438333,0.0,0.0001514848554506898,0.00025422757607884705,0.00025422757607884705
weights_start_model_variance,0.032459501177072525,0.0,0.0,0.0,0.0,0.0,0.0,0.0,0.0
weights_step_10_mlp.0.weight_input_size,,0.0,0.0,0.0,0.0,0.0,0.0,0.0,0.0
weights_step_10_mlp.0.weight_output_size,,0.0,0.0,0.0,0.0,0.0,0.0,0.0,0.0
weights_step_10_mlp.0.weight_mean,,0.004714504349976778,0.003391088917851448,0.002859662286937237,0.002859662286937237,0.003037946065887809,0.0026136927772313356,0.002550283679738641,0.002550283679738641
weights_step_10_mlp.0.weight_median,,0.003909611608833075,0.002439247677102685,0.001705905538983643,0.001705905538983643,0.0017759748734533787,0.0016588402213528752,0.0015957640716806054,0.0015957640716806054
weights_step_10_mlp.0.weight_std,,0.00468940194696188,0.0042680660262703896,0.0034614773467183113,0.0034614773467183113,0.0022808173671364784,0.0023876947816461325,0.001985761569812894,0.001985761569812894
weights_step_10_mlp.0.weight_max,,0.003228271147236228,0.002234384650364518,0.001093957107514143,0.001093957107514143,0.0011956434464082122,0.001417231629602611,0.0011899609817191958,0.0011899609817191958
weights_step_10_mlp.0.weight_min,,0.006205033976584673,0.004181040450930595,0.004692202899605036,0.004692202899605036,0.002346848836168647,0.00220801355317235,0.0027099952567368746,0.0027099952567368746
weights_step_10_mlp.0.weight_var,,0.009454428218305111,0.0065456232987344265,0.006968031171709299,0.006968031171709299,0.003988613840192556,0.0023833003360778093,0.004311340395361185,0.004311340395361185
weights_step_10_mlp.0.weight_frobenius_norm,,0.02059197798371315,0.0124817518517375,0.0034071782138198614,0.0034071782138198614,0.0017086194129660726,0.0021798955276608467,0.0012084761401638389,0.0012084761401638389
weights_step_10_mlp.0.weight_spectral_norm,,0.006827879697084427,0.0055516851134598255,0.0018473254749551415,0.0018473254749551415,0.0012047289637848735,0.0008991869981400669,0.0008829458965919912,0.0008829458965919912
weights_step_10_mlp.0.weight_alpha,,0.0029456557240337133,0.0011983484728261828,0.0030145682394504547,0.0030145682394504547,0.0026143447030335665,0.002038178965449333,0.001087240525521338,0.001087240525521338
weights_step_10_mlp.0.weight_alpha_hat,,0.011838901787996292,0.007868311367928982,0.0017741131596267223,0.0017741131596267223,0.0014141042483970523,0.0014885962009429932,0.0005963478470221162,0.0005963478470221162
weights_step_10_mlp.1.weight_input_size,,0.0,0.0,0.0,0.0,0.0,0.0,0.0,0.0
weights_step_10_mlp.1.weight_output_size,,0.0,0.0,0.0,0.0,0.0,0.0,0.0,0.0
weights_step_10_mlp.1.weight_mean,,0.0218190997838974,0.015467335470020771,0.016496555879712105,0.016496555879712105,0.007938657887279987,0.008381948806345463,0.008839484304189682,0.008839484304189682
weights_step_10_mlp.1.weight_median,,0.01300150528550148,0.01209497731178999,0.005699293687939644,0.005699293687939644,0.002458978211507201,0.0021492361556738615,0.0034007185604423285,0.0034007185604423285
weights_step_10_mlp.1.weight_std,,0.006068381946533918,0.010865769349038601,0.0030991099774837494,0.0030991099774837494,0.0017821821384131908,0.0017511555925011635,0.0009518773294985294,0.0009518773294985294
weights_step_10_mlp.1.weight_max,,0.003896125592291355,0.005258568096905947,0.0038458879571408033,0.0038458879571408033,0.0063356030732393265,0.0025978342164307833,0.0036748519632965326,0.0036748519632965326
weights_step_10_mlp.1.weight_min,,0.01086227223277092,0.009088554419577122,0.005410818848758936,0.005410818848758936,0.00511827040463686,0.004918776452541351,0.0034536179155111313,0.0034536179155111313
weights_step_10_mlp.1.weight_var,,0.013201321475207806,0.0044634598307311535,0.00010194480273639783,0.00010194480273639783,0.00047306736814789474,0.0025583275128155947,0.0011439082445576787,0.0011439082445576787
weights_step_10_mlp.1.weight_frobenius_norm,,0.0022001382894814014,0.0008827554993331432,0.0020128428004682064,0.0020128428004682064,0.005595987197011709,0.003858261974528432,0.0004065348766744137,0.0004065348766744137
weights_step_10_mlp.1.weight_spectral_norm,,0.007455050479620695,0.0044563449919223785,0.004063166677951813,0.004063166677951813,0.002401147037744522,0.002465801080688834,0.002970342757180333,0.002970342757180333
weights_step_10_mlp.1.weight_alpha,,0.0064358189702034,0.008236204273998737,0.0019603469409048557,0.0019603469409048557,0.002093077637255192,0.003519324352964759,0.004955753218382597,0.004955753218382597
weights_step_10_mlp.1.weight_alpha_hat,,0.005690503865480423,0.002037766622379422,0.0008203175384551287,0.0008203175384551287,0.0026665281038731337,0.006595103535801172,0.006253667175769806,0.006253667175769806
weights_step_10_mlp.2.weight_input_size,,0.0,0.0,0.0,0.0,0.0,0.0,0.0,0.0
weights_step_10_mlp.2.weight_output_size,,0.0,0.0,0.0,0.0,0.0,0.0,0.0,0.0
weights_step_10_mlp.2.weight_mean,,0.006394184660166502,0.0024806226138025522,0.0029429427813738585,0.0029429427813738585,0.0005361891817301512,0.003509317757561803,0.00039808102883398533,0.00039808102883398533
weights_step_10_mlp.2.weight_median,,0.031355563551187515,0.026521047577261925,0.018665343523025513,0.018665343523025513,0.024316536262631416,0.022774050012230873,0.021068379282951355,0.021068379282951355
weights_step_10_mlp.2.weight_std,,0.012318396009504795,0.012262199074029922,0.00032361014746129513,0.00032361014746129513,0.00012692440941464156,0.001113192760385573,0.0001787556684575975,0.0001787556684575975
weights_step_10_mlp.2.weight_max,,0.007724704220890999,0.0053858328610658646,0.002819439396262169,0.002819439396262169,7.73083811509423e-05,5.701508416677825e-05,0.0010705332970246673,0.0010705332970246673
weights_step_10_mlp.2.weight_min,,0.014656048268079758,0.011951875872910023,0.010889414697885513,0.010889414697885513,0.010133551433682442,0.009906954132020473,0.0055842529982328415,0.0055842529982328415
weights_step_10_mlp.2.weight_var,,0.011084415949881077,7.441972411470488e-05,0.0003196123579982668,0.0003196123579982668,0.0,5.4718151659471914e-05,0.0,0.0
weights_step_10_mlp.2.weight_frobenius_norm,,0.008159317076206207,0.005406429525464773,0.0010220903204753995,0.0010220903204753995,0.000807188218459487,6.6020293161273e-05,1.4792494766879827e-05,1.4792494766879827e-05
weights_step_10_mlp.2.weight_spectral_norm,,0.005251386668533087,0.0031789764761924744,0.00043776960228569806,0.00043776960228569806,0.00023727108782622963,0.0003334368811920285,0.00023738837626297027,0.00023738837626297027
weights_step_10_mlp.2.weight_alpha,,0.017075633630156517,0.012539674527943134,0.00547628803178668,0.00547628803178668,0.001728444010950625,0.0026910006999969482,0.0013290210627019405,0.0013290210627019405
weights_step_10_mlp.2.weight_alpha_hat,,0.007234787568449974,0.01022771093994379,0.003944138530641794,0.003944138530641794,0.004006636794656515,0.005336252506822348,0.004135368391871452,0.004135368391871452
weights_step_10_out.weight_input_size,,0.0,0.0,0.0,0.0,0.0,0.0,0.0,0.0
weights_step_10_out.weight_output_size,,0.0,0.0,0.0,0.0,0.0,0.0,0.0,0.0
weights_step_10_out.weight_mean,,0.0024891903158277273,0.0011900764657184482,0.0027889341581612825,0.0027889341581612825,0.00415340531617403,0.003166360082104802,0.0029507700819522142,0.0029507700819522142
weights_step_10_out.weight_median,,0.014797373674809933,0.010736639611423016,0.007506228517740965,0.007506228517740965,0.004497204441577196,0.0033525843173265457,0.004522975999861956,0.004522975999861956
weights_step_10_out.weight_std,,0.060222018510103226,0.035932671278715134,0.02061021327972412,0.02061021327972412,0.029844768345355988,0.022259393706917763,0.02464461512863636,0.02464461512863636
weights_step_10_out.weight_max,,0.014623281545937061,0.007462881971150637,0.00982321985065937,0.00982321985065937,0.0029561882838606834,0.0052701570093631744,0.0011868271976709366,0.0011868271976709366
weights_step_10_out.weight_min,,0.017099233344197273,0.015272736549377441,0.011296812444925308,0.011296812444925308,0.010127820074558258,0.0033328973222523928,0.0012002940056845546,0.0012002940056845546
weights_step_10_out.weight_var,,0.0369064025580883,0.02924073301255703,0.015100368298590183,0.015100368298590183,0.025755561888217926,0.024468369781970978,0.012722535990178585,0.012722535990178585
weights_step_10_out.weight_frobenius_norm,,0.0034277820959687233,0.002077252371236682,0.002030531410127878,0.002030531410127878,0.0017486606957390904,0.0016815984854474664,0.0015443762531504035,0.0015443762531504035
weights_step_10_out.weight_spectral_norm,,0.0038561944384127855,0.0026053404435515404,0.0011516347294673324,0.0011516347294673324,0.0011066721053794026,0.001196683500893414,0.0007862239144742489,0.0007862239144742489
weights_step_10_out.weight_alpha,,0.019285151734948158,0.015737125650048256,0.009776712395250797,0.009776712395250797,0.00729671074077487,0.00397828035056591,0.004253971390426159,0.004253971390426159
weights_step_10_out.weight_alpha_hat,,0.006320836488157511,0.002080707112327218,0.0027336308266967535,0.0027336308266967535,0.001092477235943079,0.0013204057468101382,0.00157530652359128,0.00157530652359128
weights_step_10_model_variance,,0.006071190815418959,2.7152016173204174e-06,0.0030324782710522413,0.0030324782710522413,0.003886507824063301,0.003510050242766738,0.0045102969743311405,0.0045102969743311405
weights_step_100_mlp.0.weight_input_size,,0.0,0.0,0.0,0.0,0.0,0.0,0.0,0.0
weights_step_100_mlp.0.weight_output_size,,0.0,0.0,0.0,0.0,0.0,0.0,0.0,0.0
weights_step_100_mlp.0.weight_mean,,0.008122477680444717,0.005551184061914682,0.0024547132197767496,0.0024547132197767496,0.0005398186040110886,0.00011754740262404084,0.00020990078337490559,0.00020990078337490559
weights_step_100_mlp.0.weight_median,,0.009078002534806728,0.007654798682779074,0.006193170323967934,0.006193170323967934,0.005002942401915789,0.0002489116450306028,0.0012505891500040889,0.0012505891500040889
weights_step_100_mlp.0.weight_std,,0.007597604300826788,0.003721503308042884,0.0014790245331823826,0.0014790245331823826,0.0007953522144816816,0.0002424325793981552,0.0001293793466174975,0.0001293793466174975
weights_step_100_mlp.0.weight_max,,0.0035785383079200983,0.00291452556848526,0.005456869024783373,0.005456869024783373,0.004175030626356602,0.0028894522693008184,0.0027569392696022987,0.0027569392696022987
weights_step_100_mlp.0.weight_min,,0.012421444058418274,0.008146584965288639,0.005018776748329401,0.005018776748329401,0.0067022815346717834,0.00367155228741467,0.002711624139919877,0.002711624139919877
weights_step_100_mlp.0.weight_var,,0.004332313779741526,0.0037860830780118704,0.0007503178785555065,0.0007503178785555065,0.0002007462317124009,0.0004148076113779098,0.00029722737963311374,0.00029722737963311374
weights_step_100_mlp.0.weight_frobenius_norm,,0.07720480114221573,0.057028282433748245,0.041318852454423904,0.041318852454423904,0.03329342603683472,0.042963266372680664,0.03446684405207634,0.03446684405207634
weights_step_100_mlp.0.weight_spectral_norm,,0.014504208229482174,0.005451207980513573,0.0009096868452616036,0.0009096868452616036,0.0007848812383599579,0.0010059444466605783,0.0010849967366084456,0.0010849967366084456
weights_step_100_mlp.0.weight_alpha,,0.010824956931173801,0.007578665856271982,0.0033567610662430525,0.0033567610662430525,0.004650904331356287,0.00010477600153535604,0.0002042639534920454,0.0002042639534920454
weights_step_100_mlp.0.weight_alpha_hat,,0.015144375152885914,0.0038842682261019945,0.00026180437998846173,0.00026180437998846173,0.00033100866130553186,0.0004691679496318102,0.002582032233476639,0.002582032233476639
weights_step_100_mlp.1.weight_input_size,,0.0,0.0,0.0,0.0,0.0,0.0,0.0,0.0
weights_step_100_mlp.1.weight_output_size,,0.0,0.0,0.0,0.0,0.0,0.0,0.0,0.0
weights_step_100_mlp.1.weight_mean,,0.005077536683529615,0.004753716755658388,0.0018988283118233085,0.0018988283118233085,0.000745376804843545,0.001082171336747706,0.0013960069045424461,0.0013960069045424461
weights_step_100_mlp.1.weight_median,,0.0033522099256515503,0.0013652393827214837,0.0007777561550028622,0.0007777561550028622,0.0012607094831764698,0.001188774243928492,0.0011178298154845834,0.0011178298154845834
weights_step_100_mlp.1.weight_std,,0.0038334205746650696,0.0013148508733138442,2.0578816474881023e-05,2.0578816474881023e-05,1.4627173186454456e-05,0.001856965129263699,0.0,0.0
weights_step_100_mlp.1.weight_max,,0.004342280328273773,0.006477688904851675,0.002315300749614835,0.002315300749614835,0.000220604837522842,0.00021495709370356053,0.00021561856556218117,0.00021561856556218117
weights_step_100_mlp.1.weight_min,,0.021631114184856415,0.018018344417214394,0.014713401906192303,0.014713401906192303,0.010160629637539387,0.012849022634327412,0.011889173649251461,0.011889173649251461
weights_step_100_mlp.1.weight_var,,0.0008909025345928967,0.00020142905123066157,1.4609725440095644e-05,1.4609725440095644e-05,0.0,0.0,0.0,0.0
weights_step_100_mlp.1.weight_frobenius_norm,,0.016786161810159683,0.01270336750894785,0.0,0.0,3.4268621675437316e-05,1.2162660823378246e-05,0.0008158914279192686,0.0008158914279192686
weights_step_100_mlp.1.weight_spectral_norm,,0.011498321779072285,0.008764040656387806,0.0006981226033531129,0.0006981226033531129,0.0005972336512058973,0.0003694351762533188,0.002396167255938053,0.002396167255938053
weights_step_100_mlp.1.weight_alpha,,0.04354831576347351,0.033931851387023926,0.027963174507021904,0.027963174507021904,0.019217586144804955,0.014742852188646793,0.011655103415250778,0.011655103415250778
weights_step_100_mlp.1.weight_alpha_hat,,0.0039379713125526905,0.002928026020526886,0.0003377828688826412,0.0003377828688826412,0.0007473133155144751,0.001152989105321467,0.0005515131633728743,0.0005515131633728743
weights_step_100_mlp.2.weight_input_size,,0.0,0.0,0.0,0.0,0.0,0.0,0.0,0.0
weights_step_100_mlp.2.weight_output_size,,0.0,0.0,0.0,0.0,0.0,0.0,0.0,0.0
weights_step_100_mlp.2.weight_mean,,0.007443936076015234,0.005692505743354559,0.004316024016588926,0.004316024016588926,0.0020210295915603638,0.0016000786563381553,0.001951991580426693,0.001951991580426693
weights_step_100_mlp.2.weight_median,,0.018499789759516716,0.010556993074715137,0.005729618016630411,0.005729618016630411,0.003062567440792918,0.002138095907866955,0.0035334210842847824,0.0035334210842847824
weights_step_100_mlp.2.weight_std,,0.0025029617827385664,0.0012554032728075981,0.0,0.0,0.0,0.0,0.0002721859491430223,0.0002721859491430223
weights_step_100_mlp.2.weight_max,,0.008706300519406796,0.003421616507694125,0.007227625697851181,0.007227625697851181,0.0009630926069803536,0.0013150256127119064,0.0023973537608981133,0.0023973537608981133
weights_step_100_mlp.2.weight_min,,0.01717997156083584,0.011776038445532322,0.008114383555948734,0.008114383555948734,0.006274177227169275,0.006699079181998968,0.00778680294752121,0.00778680294752121
weights_step_100_mlp.2.weight_var,,0.0013517099432647228,0.00015811108460184187,0.0,0.0,2.3626727852388285e-05,0.0,0.0,0.0
weights_step_100_mlp.2.weight_frobenius_norm,,0.009386028163135052,0.007393123582005501,1.4419126273423899e-05,1.4419126273423899e-05,0.0005614106194116175,0.0005635630222968757,0.0008117100223898888,0.0008117100223898888
weights_step_100_mlp.2.weight_spectral_norm,,0.0035083044786006212,0.003690671408548951,0.0016948956763371825,0.0016948956763371825,0.0015015205135568976,0.0013078410411253572,0.0010884752264246345,0.0010884752264246345
weights_step_100_mlp.2.weight_alpha,,0.036188624799251556,0.024707138538360596,0.022742701694369316,0.022742701694369316,0.018588094040751457,0.01554153487086296,0.01852230913937092,0.01852230913937092
weights_step_100_mlp.2.weight_alpha_hat,,0.002792277140542865,0.00041785734356381,0.0003295794886071235,0.0003295794886071235,0.0,0.00016400450840592384,0.0,0.0
weights_step_100_out.weight_input_size,,0.0,0.0,0.0,0.0,0.0,0.0,0.0,0.0
weights_step_100_out.weight_output_size,,0.0,0.0,0.0,0.0,0.0,0.0,0.0,0.0
weights_step_100_out.weight_mean,,0.002443608595058322,0.0017825196264311671,0.002925044158473611,0.002925044158473611,0.002719254931434989,0.0004979364457540214,0.00045010808389633894,0.00045010808389633894
weights_step_100_out.weight_median,,0.0046453638933598995,0.0037939557805657387,0.0002975277020595968,0.0002975277020595968,0.00037866985076107085,0.004905161913484335,0.0008263004128821194,0.0008263004128821194
weights_step_100_out.weight_std,,0.00037695190985687077,0.0004819184250663966,0.0003571890702005476,0.0003571890702005476,8.877299819687323e-07,0.0,2.5854993509710766e-05,2.5854993509710766e-05
weights_step_100_out.weight_max,,0.028085574507713318,0.012540166266262531,0.004665253683924675,0.004665253683924675,0.003398431232199073,0.002442378317937255,0.0052174790762364864,0.0052174790762364864
weights_step_100_out.weight_min,,0.01830112189054489,0.01171636488288641,0.005009821150451899,0.005009821150451899,0.008442798629403114,0.004189223516732454,0.0026305709034204483,0.0026305709034204483
weights_step_100_out.weight_var,,0.00011589458881644532,0.0,0.0002708127722144127,0.0002708127722144127,0.0,0.0,2.8545400709845126e-05,2.8545400709845126e-05
weights_step_100_out.weight_frobenius_norm,,0.0022398417349904776,0.0012343566631898284,0.002478655194863677,0.002478655194863677,0.001997200772166252,0.0023174479138106108,0.001941306167282164,0.001941306167282164
weights_step_100_out.weight_spectral_norm,,0.0019714070949703455,0.00028598422068171203,0.0003288055013399571,0.0003288055013399571,0.0005405490519478917,0.0005531834322027862,0.0003206993860658258,0.0003206993860658258
weights_step_100_out.weight_alpha,,0.009496771730482578,0.007665292825549841,0.00702792638912797,0.00702792638912797,0.002009683521464467,1.79008420673199e-05,0.001290819956921041,0.001290819956921041
weights_step_100_out.weight_alpha_hat,,0.019433634355664253,0.014993296004831791,0.004934299271553755,0.004934299271553755,0.0038950350135564804,0.004836801905184984,0.004903755616396666,0.004903755616396666
weights_step_100_model_variance,,0.0003339131362736225,0.0001296582631766796,0.0,0.0,0.0,0.0,0.0,0.0
weights_step_25_mlp.0.weight_input_size,,,0.0,0.0,0.0,0.0,0.0,0.0,0.0
weights_step_25_mlp.0.weight_output_size,,,0.0,0.0,0.0,0.0,0.0,0.0,0.0
weights_step_25_mlp.0.weight_mean,,,0.0054215602576732635,0.0003742784319911152,0.0003742784319911152,0.0010381562169641256,0.000599346705712378,0.0002360456419410184,0.0002360456419410184
weights_step_25_mlp.0.weight_median,,,0.007867245003581047,0.0010400464525446296,0.0010400464525446296,0.0013817823491990566,0.001912723295390606,0.0013162881368771195,0.0013162881368771195
weights_step_25_mlp.0.weight_std,,,0.004446397069841623,0.0032742891926318407,0.0032742891926318407,0.00156102841719985,0.0007696884567849338,0.0010194890201091766,0.0010194890201091766
weights_step_25_mlp.0.weight_max,,,0.005834830924868584,0.004099266137927771,0.004099266137927771,0.0026577392127364874,0.002608038717880845,0.0015003796434029937,0.0015003796434029937
weights_step_25_mlp.0.weight_min,,,0.006830476224422455,0.007215238641947508,0.007215238641947508,0.005673905834555626,0.003452516393736005,0.004827149678021669,0.004827149678021669
weights_step_25_mlp.0.weight_var,,,0.0014638683060184121,0.0006752082263119519,0.0006752082263119519,0.0007983765681274235,0.0004710538487415761,0.00033112289384007454,0.00033112289384007454
weights_step_25_mlp.0.weight_frobenius_norm,,,0.05745406821370125,0.05260889604687691,0.05260889604687691,0.04461275413632393,0.04277631640434265,0.04123876988887787,0.04123876988887787
weights_step_25_mlp.0.weight_spectral_norm,,,0.0031969184055924416,0.002331299940124154,0.002331299940124154,0.0010783624602481723,4.513980456977151e-05,4.050766438012943e-05,4.050766438012943e-05
weights_step_25_mlp.0.weight_alpha,,,0.009743371047079563,0.0028101971838623285,0.0028101971838623285,0.00102204957511276,0.003172188298776746,0.0026058971416205168,0.0026058971416205168
weights_step_25_mlp.0.weight_alpha_hat,,,0.00357813760638237,0.0033774133771657944,0.0033774133771657944,0.0003756473015528172,0.0005684338393621147,0.0002754775632638484,0.0002754775632638484
weights_step_25_mlp.1.weight_input_size,,,0.0,0.0,0.0,0.0,0.0,0.0,0.0
weights_step_25_mlp.1.weight_output_size,,,0.0,0.0,0.0,0.0,0.0,0.0,0.0
weights_step_25_mlp.1.weight_mean,,,0.01282626111060381,0.01707194559276104,0.01707194559276104,0.005516935605555773,0.00462056789547205,0.0065204002894461155,0.0065204002894461155
weights_step_25_mlp.1.weight_median,,,0.009768594056367874,0.003431883407756686,0.003431883407756686,0.0030435360968112946,7.556889613624662e-05,1.4687243492517155e-05,1.4687243492517155e-05
weights_step_25_mlp.1.weight_std,,,0.004695213865488768,0.004027304705232382,0.004027304705232382,0.008071165531873703,0.005453554913401604,0.001959904097020626,0.001959904097020626
weights_step_25_mlp.1.weight_max,,,0.006878383923321962,0.0035149960312992334,0.0035149960312992334,0.001530230394564569,0.002133249770849943,0.005248311907052994,0.005248311907052994
weights_step_25_mlp.1.weight_min,,,0.006830278318375349,0.00472650583833456,0.00472650583833456,0.0034909306559711695,0.0025685327127575874,0.0014959509717300534,0.0014959509717300534
weights_step_25_mlp.1.weight_var,,,0.0020263483747839928,0.0015655237948521972,0.0015655237948521972,0.004620285239070654,0.004327644594013691,0.0,0.0
weights_step_25_mlp.1.weight_frobenius_norm,,,0.00193062424659729,0.00042301954817958176,0.00042301954817958176,0.00483567314222455,0.000573484692722559,0.0004785419150721282,0.0004785419150721282
weights_step_25_mlp.1.weight_spectral_norm,,,0.001348505262285471,0.001620835275389254,0.001620835275389254,0.00244842073880136,0.0015813326463103294,0.000592812430113554,0.000592812430113554
weights_step_25_mlp.1.weight_alpha,,,0.0018357448279857635,0.00031503933132626116,0.00031503933132626116,0.0014256747672334313,0.0011658001458272338,0.0014954055659472942,0.0014954055659472942
weights_step_25_mlp.1.weight_alpha_hat,,,0.001007344457320869,0.0011385963298380375,0.0011385963298380375,0.008529560640454292,0.001417225576005876,0.0006130338297225535,0.0006130338297225535
weights_step_25_mlp.2.weight_input_size,,,0.0,0.0,0.0,0.0,0.0,0.0,0.0
weights_step_25_mlp.2.weight_output_size,,,0.0,0.0,0.0,0.0,0.0,0.0,0.0
weights_step_25_mlp.2.weight_mean,,,0.0024708786513656378,0.0003649882273748517,0.0003649882273748517,0.00027197800227440894,0.0009202605579048395,0.0005667356308549643,0.0005667356308549643
weights_step_25_mlp.2.weight_median,,,0.01860678941011429,0.010338141582906246,0.010338141582906246,0.009974738582968712,0.00779467960819602,0.005252962466329336,0.005252962466329336
weights_step_25_mlp.2.weight_std,,,0.00011201109737157822,0.002192056505009532,0.002192056505009532,0.000114610513264779,0.00023025977134238929,0.00023046050046104938,0.00023046050046104938
weights_step_25_mlp.2.weight_max,,,0.0006593851721845567,0.005931193009018898,0.005931193009018898,0.003163549117743969,0.006225293036550283,0.00017089740140363574,0.00017089740140363574
weights_step_25_mlp.2.weight_min,,,0.014002458192408085,0.002105253515765071,0.002105253515765071,0.004352786112576723,0.0001508421846665442,0.0036467795725911856,0.0036467795725911856
weights_step_25_mlp.2.weight_var,,,0.0,0.0003046720230486244,0.0003046720230486244,0.0,0.0,0.0,0.0
weights_step_25_mlp.2.weight_frobenius_norm,,,0.0051534343510866165,0.0004808940866496414,0.0004808940866496414,0.000446100952103734,0.0007148244767449796,0.0001513118768343702,0.0001513118768343702
weights_step_25_mlp.2.weight_spectral_norm,,,0.0004188263264950365,0.00024914368987083435,0.00024914368987083435,0.00027882843278348446,0.0002441895194351673,0.00023304337810259312,0.00023304337810259312
weights_step_25_mlp.2.weight_alpha,,,0.03888966515660286,0.026228660717606544,0.026228660717606544,0.017560409381985664,0.02392583340406418,0.016946017742156982,0.016946017742156982
weights_step_25_mlp.2.weight_alpha_hat,,,0.004317276645451784,0.0007547270506620407,0.0007547270506620407,0.012251708656549454,0.0003383154980838299,1.2176453310530633e-05,1.2176453310530633e-05
weights_step_25_out.weight_input_size,,,0.0,0.0,0.0,0.0,0.0,0.0,0.0
weights_step_25_out.weight_output_size,,,0.0,0.0,0.0,0.0,0.0,0.0,0.0
weights_step_25_out.weight_mean,,,0.0015237083425745368,0.006687103305011988,0.006687103305011988,0.006332046817988157,0.0011420715600252151,0.004494335036724806,0.004494335036724806
weights_step_25_out.weight_median,,,0.001615661196410656,0.0004512745945248753,0.0004512745945248753,0.0004963349783793092,0.0020949903409928083,0.005096804350614548,0.005096804350614548
weights_step_25_out.weight_std,,,0.006456704344600439,0.00041488694841973484,0.00041488694841973484,0.0,0.0,1.0684437256713863e-05,1.0684437256713863e-05
weights_step_25_out.weight_max,,,0.007631838321685791,0.001311016152612865,0.001311016152612865,0.001099041081033647,0.0018701789667829871,0.002108856337144971,0.002108856337144971
weights_step_25_out.weight_min,,,0.017536558210849762,0.005152910482138395,0.005152910482138395,0.002089357702061534,0.00045102587318979204,0.0020724611822515726,0.0020724611822515726
weights_step_25_out.weight_var,,,0.004635680466890335,0.0,0.0,0.0,0.0,5.2704450354212895e-05,5.2704450354212895e-05
weights_step_25_out.weight_frobenius_norm,,,0.004432581830769777,0.00278488383628428,0.00278488383628428,0.0021294504404067993,0.002666075713932514,0.0021976453717797995,0.0021976453717797995
weights_step_25_out.weight_spectral_norm,,,0.003133382648229599,0.00022084622469265014,0.00022084622469265014,0.000532862963154912,0.00047956962953321636,0.00024850814952515066,0.00024850814952515066
weights_step_25_out.weight_alpha,,,0.018007798120379448,0.013397150672972202,0.013397150672972202,0.011562352068722248,0.011251523159444332,0.00776943564414978,0.00776943564414978
weights_step_25_out.weight_alpha_hat,,,0.0021714356262236834,0.005593225825577974,0.005593225825577974,0.008950491435825825,0.002599627012386918,0.0058445618487894535,0.0058445618487894535
weights_step_25_model_variance,,,0.00017259454762097448,0.0,0.0,1.272819076802989e-06,2.2251458631217247e-06,2.0517725261015585e-06,2.0517725261015585e-06
weights_step_50_mlp.0.weight_input_size,,,,0.0,0.0,0.0,0.0,0.0,0.0
weights_step_50_mlp.0.weight_output_size,,,,0.0,0.0,0.0,0.0,0.0,0.0
weights_step_50_mlp.0.weight_mean,,,,0.00633687898516655,0.00633687898516655,0.005178795196115971,0.004074879456311464,0.0005853669135831296,0.0005853669135831296
weights_step_50_mlp.0.weight_median,,,,0.003433800069615245,0.003433800069615245,0.0013288963818922639,0.0034408338833600283,0.0032483842223882675,0.0032483842223882675
weights_step_50_mlp.0.weight_std,,,,0.0002562409790698439,0.0002562409790698439,0.0004296520201023668,6.810919148847461e-05,5.6191875046351925e-05,5.6191875046351925e-05
weights_step_50_mlp.0.weight_max,,,,0.004420843441039324,0.004420843441039324,0.0014336742460727692,0.0012699227081611753,0.0015255132457241416,0.0015255132457241416
weights_step_50_mlp.0.weight_min,,,,0.006539561320096254,0.006539561320096254,0.002475096844136715,0.002302732551470399,0.0007805127534084022,0.0007805127534084022
weights_step_50_mlp.0.weight_var,,,,8.192408859031275e-05,8.192408859031275e-05,8.340125350514427e-05,3.5033837775699794e-05,6.842151924502105e-05,6.842151924502105e-05
weights_step_50_mlp.0.weight_frobenius_norm,,,,0.04910885915160179,0.04910885915160179,0.04277031123638153,0.041313059628009796,0.04112223535776138,0.04112223535776138
weights_step_50_mlp.0.weight_spectral_norm,,,,0.0012515275739133358,0.0012515275739133358,0.0002017169026657939,6.580535409739241e-05,3.1045226933201775e-05,3.1045226933201775e-05
weights_step_50_mlp.0.weight_alpha,,,,0.001103574293665588,0.001103574293665588,0.0022141418885439634,0.0022772110532969236,0.00043004355393350124,0.00043004355393350124
weights_step_50_mlp.0.weight_alpha_hat,,,,0.0020956972148269415,0.0020956972148269415,0.0004555705236271024,0.0004507736302912235,0.0002993130183313042,0.0002993130183313042
weights_step_50_mlp.1.weight_input_size,,,,0.0,0.0,0.0,0.0,0.0,0.0
weights_step_50_mlp.1.weight_output_size,,,,0.0,0.0,0.0,0.0,0.0,0.0
weights_step_50_mlp.1.weight_mean,,,,0.010343365371227264,0.010343365371227264,0.007559504825621843,0.00965101271867752,0.008921433240175247,0.008921433240175247
weights_step_50_mlp.1.weight_median,,,,2.55434206337668e-05,2.55434206337668e-05,0.00023977541422937065,0.00037135439924895763,0.00027307492564432323,0.00027307492564432323
weights_step_50_mlp.1.weight_std,,,,0.0021418954711407423,0.0021418954711407423,0.0021929051727056503,0.0028949640691280365,0.0024603137280792,0.0024603137280792
weights_step_50_mlp.1.weight_max,,,,0.002902682637795806,0.002902682637795806,0.0004299323773011565,0.00027550870436243713,0.00013707755715586245,0.00013707755715586245
weights_step_50_mlp.1.weight_min,,,,0.0047261095605790615,0.0047261095605790615,0.005624606739729643,0.004144346807152033,8.805202014627866e-06,8.805202014627866e-06
weights_step_50_mlp.1.weight_var,,,,0.0018946719355881214,0.0018946719355881214,0.0,0.001210313756018877,0.0012535235146060586,0.0012535235146060586
weights_step_50_mlp.1.weight_frobenius_norm,,,,0.007188117131590843,0.007188117131590843,0.006595246028155088,4.790810271515511e-05,0.0014997330727055669,0.0014997330727055669
weights_step_50_mlp.1.weight_spectral_norm,,,,0.005567875225096941,0.005567875225096941,0.0016480605117976665,0.0026102468837052584,0.003737705759704113,0.003737705759704113
weights_step_50_mlp.1.weight_alpha,,,,0.0016524906968697906,0.0016524906968697906,0.0018527446081861854,0.002004500711336732,0.0016093171434476972,0.0016093171434476972
weights_step_50_mlp.1.weight_alpha_hat,,,,0.00122759398072958,0.00122759398072958,0.005994119215756655,0.0020494989585131407,6.162121280794963e-05,6.162121280794963e-05
weights_step_50_mlp.2.weight_input_size,,,,0.0,0.0,0.0,0.0,0.0,0.0
weights_step_50_mlp.2.weight_output_size,,,,0.0,0.0,0.0,0.0,0.0,0.0
weights_step_50_mlp.2.weight_mean,,,,0.0006498491275124252,0.0006498491275124252,0.0007105302647687495,0.008826683275401592,0.008081485517323017,0.008081485517323017
weights_step_50_mlp.2.weight_median,,,,0.004309422802180052,0.004309422802180052,0.0065010362304747105,0.0006687210407108068,0.00154354318510741,0.00154354318510741
weights_step_50_mlp.2.weight_std,,,,0.0002974272647406906,0.0002974272647406906,0.000383015169063583,0.00032581304549239576,0.00041986932046711445,0.00041986932046711445
weights_step_50_mlp.2.weight_max,,,,0.0010762093588709831,0.0010762093588709831,0.0005050809122622013,0.0003892926324624568,0.0,0.0
weights_step_50_mlp.2.weight_min,,,,0.0019384034676477313,0.0019384034676477313,0.0009693749598227441,0.007828791625797749,0.0029282125178724527,0.0029282125178724527
weights_step_50_mlp.2.weight_var,,,,0.00030652666464447975,0.00030652666464447975,0.0004979422665201128,0.00042340788058936596,0.0002705036022234708,0.0002705036022234708
weights_step_50_mlp.2.weight_frobenius_norm,,,,0.0019227903103455901,0.0019227903103455901,0.002671228488907218,8.251310646301135e-05,7.585382263641804e-05,7.585382263641804e-05
weights_step_50_mlp.2.weight_spectral_norm,,,,0.0034703118726611137,0.0034703118726611137,0.00285058724693954,0.0021061566658318043,0.0027361316606402397,0.0027361316606402397
weights_step_50_mlp.2.weight_alpha,,,,0.029261313378810883,0.029261313378810883,0.026841312646865845,0.023489611223340034,0.02248295582830906,0.02248295582830906
weights_step_50_mlp.2.weight_alpha_hat,,,,0.002250306773930788,0.002250306773930788,0.0012013547820970416,0.0031634389888495207,0.0016694854712113738,0.0016694854712113738
weights_step_50_out.weight_input_size,,,,0.0,0.0,0.0,0.0,0.0,0.0
weights_step_50_out.weight_output_size,,,,0.0,0.0,0.0,0.0,0.0,0.0
weights_step_50_out.weight_mean,,,,0.000905731285456568,0.000905731285456568,0.0009645696845836937,0.0007343853358179331,0.000207897974178195,0.000207897974178195
weights_step_50_out.weight_median,,,,0.0005713428254239261,0.0005713428254239261,0.0004965371917933226,0.0005460744141601026,0.00022734323283657432,0.00022734323283657432
weights_step_50_out.weight_std,,,,0.0003265150880906731,0.0003265150880906731,6.0752307035727426e-05,5.581113146035932e-05,0.0,0.0
weights_step_50_out.weight_max,,,,0.0,0.0,0.002351724775508046,0.0,0.003455474739894271,0.003455474739894271
weights_step_50_out.weight_min,,,,0.004419840406626463,0.004419840406626463,0.0013684987789019942,4.914229521091329e-06,0.00046228873543441296,0.00046228873543441296
weights_step_50_out.weight_var,,,,8.322460780618712e-05,8.322460780618712e-05,0.0,0.0,0.0,0.0
weights_step_50_out.weight_frobenius_norm,,,,0.002595470054075122,0.002595470054075122,0.003782066283747554,0.0019729083869606256,0.001939571462571621,0.001939571462571621
weights_step_50_out.weight_spectral_norm,,,,0.0009395809029228985,0.0009395809029228985,0.00019722415891010314,0.0010489803971722722,0.0012042898451909423,0.0012042898451909423
weights_step_50_out.weight_alpha,,,,0.011509635485708714,0.011509635485708714,0.010814412496984005,0.007343885023146868,0.004201408009976149,0.004201408009976149
weights_step_50_out.weight_alpha_hat,,,,0.00419279420748353,0.00419279420748353,0.007472118828445673,0.002958006924018264,0.005428927484899759,0.005428927484899759
weights_step_50_model_variance,,,,0.0,0.0,0.0038203198928385973,0.0,0.0,0.0
weights_step_500_mlp.0.weight_input_size,,,,0.0,0.0,0.0,0.0,0.0,0.0
weights_step_500_mlp.0.weight_output_size,,,,0.0,0.0,0.0,0.0,0.0,0.0
weights_step_500_mlp.0.weight_mean,,,,0.01340567972511053,0.01340567972511053,0.016851140186190605,0.01080681849271059,0.016436440870165825,0.016436440870165825
weights_step_500_mlp.0.weight_median,,,,0.0049366578459739685,0.0049366578459739685,0.007070967461913824,0.010779008269309998,0.007270368281751871,0.007270368281751871
weights_step_500_mlp.0.weight_std,,,,0.0013718906557187438,0.0013718906557187438,0.0010199393145740032,0.000953596318140626,0.0008452514302916825,0.0008452514302916825
weights_step_500_mlp.0.weight_max,,,,0.002392284572124481,0.002392284572124481,0.0005088869947940111,0.0005280949990265071,0.00034909381065517664,0.00034909381065517664
weights_step_500_mlp.0.weight_min,,,,0.009575306437909603,0.009575306437909603,0.008949864655733109,0.008274986408650875,0.007603274658322334,0.007603274658322334
weights_step_500_mlp.0.weight_var,,,,0.001003484707325697,0.001003484707325697,0.0012880974682047963,0.001167335081845522,0.0010735339019447565,0.0010735339019447565
weights_step_500_mlp.0.weight_frobenius_norm,,,,0.003836400108411908,0.003836400108411908,0.00016174915072042495,0.0001207793757203035,2.2253698261920363e-05,2.2253698261920363e-05
weights_step_500_mlp.0.weight_spectral_norm,,,,0.025371836498379707,0.025371836498379707,0.023217961192131042,0.020519446581602097,0.017197705805301666,0.017197705805301666
weights_step_500_mlp.0.weight_alpha,,,,0.0012186627136543393,0.0012186627136543393,0.0020001421216875315,7.749899668851867e-05,9.896445408230647e-05,9.896445408230647e-05
weights_step_500_mlp.0.weight_alpha_hat,,,,0.002805206226184964,0.002805206226184964,0.005282888654619455,0.0053118132054805756,0.006048654671758413,0.006048654671758413
weights_step_500_mlp.1.weight_input_size,,,,0.0,0.0,0.0,0.0,0.0,0.0
weights_step_500_mlp.1.weight_output_size,,,,0.0,0.0,0.0,0.0,0.0,0.0
weights_step_500_mlp.1.weight_mean,,,,0.0030466709285974503,0.0030466709285974503,0.002637203549966216,0.002238125540316105,0.002919867867603898,0.002919867867603898
weights_step_500_mlp.1.weight_median,,,,0.003845939412713051,0.003845939412713051,0.0014040825190022588,0.0023552265483886003,0.0023232130333781242,0.0023232130333781242
weights_step_500_mlp.1.weight_std,,,,0.00013450348342303187,0.00013450348342303187,0.0003046288911718875,9.71313493209891e-05,0.0,0.0
weights_step_500_mlp.1.weight_max,,,,0.0004697045951616019,0.0004697045951616019,0.0004373342962935567,0.0003945461066905409,0.00015746988356113434,0.00015746988356113434
weights_step_500_mlp.1.weight_min,,,,0.011760007590055466,0.011760007590055466,0.008517393842339516,0.004945277702063322,0.005659816320985556,0.005659816320985556
weights_step_500_mlp.1.weight_var,,,,0.0,0.0,0.00010300439316779375,0.00010467608080944046,0.00043666979763656855,0.00043666979763656855
weights_step_500_mlp.1.weight_frobenius_norm,,,,0.0017067942535504699,0.0017067942535504699,0.0001525181723991409,0.00014542703866027296,5.671149119734764e-05,5.671149119734764e-05
weights_step_500_mlp.1.weight_spectral_norm,,,,0.012077943421900272,0.012077943421900272,0.010349074378609657,0.009450274519622326,0.005867943167686462,0.005867943167686462
weights_step_500_mlp.1.weight_alpha,,,,0.004724299535155296,0.004724299535155296,0.001821161829866469,0.0034141235519200563,0.003907885402441025,0.003907885402441025
weights_step_500_mlp.1.weight_alpha_hat,,,,0.00741547392681241,0.00741547392681241,0.0037866898346692324,0.0035658814013004303,0.002556593855842948,0.002556593855842948
weights_step_500_mlp.2.weight_input_size,,,,0.0,0.0,0.0,0.0,0.0,0.0
weights_step_500_mlp.2.weight_output_size,,,,0.0,0.0,0.0,0.0,0.0,0.0
weights_step_500_mlp.2.weight_mean,,,,0.0017866059206426144,0.0017866059206426144,0.0009295642375946045,0.0007083111559040844,0.0006361266714520752,0.0006361266714520752
weights_step_500_mlp.2.weight_median,,,,0.004781844560056925,0.004781844560056925,0.002543305279687047,0.00042058120016008615,0.0013715000823140144,0.0013715000823140144
weights_step_500_mlp.2.weight_std,,,,0.0,0.0,0.0,0.0,0.0,0.0
weights_step_500_mlp.2.weight_max,,,,0.0010675315279513597,0.0010675315279513597,0.00034201962989754975,0.0012470238143578172,0.0002168695064028725,0.0002168695064028725
weights_step_500_mlp.2.weight_min,,,,0.010566872544586658,0.010566872544586658,0.006700517144054174,0.005239671561866999,0.009342211298644543,0.009342211298644543
weights_step_500_mlp.2.weight_var,,,,0.0,0.0,0.0,0.0,0.0,0.0
weights_step_500_mlp.2.weight_frobenius_norm,,,,0.00010133028263226151,0.00010133028263226151,0.00030177240842022,0.0001533008908154443,0.00011195519618922845,0.00011195519618922845
weights_step_500_mlp.2.weight_spectral_norm,,,,0.005141223315149546,0.005141223315149546,0.003289720043540001,0.0027916263788938522,0.0017423005774617195,0.0017423005774617195
weights_step_500_mlp.2.weight_alpha,,,,0.016002973541617393,0.016002973541617393,0.001766350120306015,0.0005222110194154084,0.0,0.0
weights_step_500_mlp.2.weight_alpha_hat,,,,0.00026103240088559687,0.00026103240088559687,0.0023601276334375143,0.0012868089834228158,0.0029081155080348253,0.0029081155080348253
weights_step_500_out.weight_input_size,,,,0.0,0.0,0.0,0.0,0.0,0.0
weights_step_500_out.weight_output_size,,,,0.0,0.0,0.0,0.0,0.0,0.0
weights_step_500_out.weight_mean,,,,0.005890851840376854,0.005890851840376854,0.0006388219189830124,0.00026569064357317984,0.0003130965924356133,0.0003130965924356133
weights_step_500_out.weight_median,,,,0.0022748128976672888,0.0022748128976672888,0.0023540949914604425,0.002528892597183585,0.00030326921842060983,0.00030326921842060983
weights_step_500_out.weight_std,,,,0.0019639325328171253,0.0019639325328171253,0.00124444963876158,0.002256984356790781,0.0010706440079957247,0.0010706440079957247
weights_step_500_out.weight_max,,,,0.0001271742512471974,0.0001271742512471974,0.0,0.0,0.00031031694379635155,0.00031031694379635155
weights_step_500_out.weight_min,,,,0.0016125085530802608,0.0016125085530802608,0.003965992946177721,0.009361417032778263,0.007428470999002457,0.007428470999002457
weights_step_500_out.weight_var,,,,0.0022717940155416727,0.0022717940155416727,0.0011482270201668143,0.0013197163352742791,0.0016039557522162795,0.0016039557522162795
weights_step_500_out.weight_frobenius_norm,,,,0.0006774137727916241,0.0006774137727916241,0.0007281568832695484,0.0007546531851403415,0.0018715636106207967,0.0018715636106207967
weights_step_500_out.weight_spectral_norm,,,,0.0007546453853137791,0.0007546453853137791,0.0007613536436110735,0.0005515526863746345,0.0004187110171187669,0.0004187110171187669
weights_step_500_out.weight_alpha,,,,0.01316651701927185,0.01316651701927185,0.008748701773583889,0.007096694782376289,0.008341783657670021,0.008341783657670021
weights_step_500_out.weight_alpha_hat,,,,0.0034282829146832228,0.0034282829146832228,0.002399892546236515,0.002412361791357398,0.0022885589860379696,0.0022885589860379696
weights_step_500_model_variance,,,,0.00017807197582442313,0.00017807197582442313,0.00012888226774521172,7.017287862254307e-05,4.315051774028689e-05,4.315051774028689e-05
weights_step_200_mlp.0.weight_input_size,,,,,,0.0,0.0,0.0,0.0
weights_step_200_mlp.0.weight_output_size,,,,,,0.0,0.0,0.0,0.0
weights_step_200_mlp.0.weight_mean,,,,,,0.0015302792889997363,0.0009900652803480625,0.0003746602451428771,0.0003746602451428771
weights_step_200_mlp.0.weight_median,,,,,,0.009661727584898472,0.007403327152132988,0.007734877523034811,0.007734877523034811
weights_step_200_mlp.0.weight_std,,,,,,0.0007310240180231631,0.000905497872736305,0.0006723669939674437,0.0006723669939674437
weights_step_200_mlp.0.weight_max,,,,,,0.0008122536237351596,0.0011061741970479488,0.000963197264354676,0.000963197264354676
weights_step_200_mlp.0.weight_min,,,,,,0.008020664565265179,0.007054954767227173,0.003989870194345713,0.003989870194345713
weights_step_200_mlp.0.weight_var,,,,,,0.0006078455480746925,0.0008403297979384661,0.0005542683647945523,0.0005542683647945523
weights_step_200_mlp.0.weight_frobenius_norm,,,,,,0.0001354273408651352,0.003421009285375476,0.00017863839457277209,0.00017863839457277209
weights_step_200_mlp.0.weight_spectral_norm,,,,,,0.001139834406785667,0.0005011170287616551,0.0002362831000937149,0.0002362831000937149
weights_step_200_mlp.0.weight_alpha,,,,,,0.0047129918821156025,0.004103632178157568,0.004025713540613651,0.004025713540613651
weights_step_200_mlp.0.weight_alpha_hat,,,,,,0.001651400700211525,0.0001726712944218889,0.0003112148551736027,0.0003112148551736027
weights_step_200_mlp.1.weight_input_size,,,,,,0.0,0.0,0.0,0.0
weights_step_200_mlp.1.weight_output_size,,,,,,0.0,0.0,0.0,0.0
weights_step_200_mlp.1.weight_mean,,,,,,0.0011327821994200349,0.001914045657031238,0.002393583534285426,0.002393583534285426
weights_step_200_mlp.1.weight_median,,,,,,0.0005587868508882821,0.00038249840144999325,0.0003269405278842896,0.0003269405278842896
weights_step_200_mlp.1.weight_std,,,,,,0.0,0.00028054582071490586,0.0,0.0
weights_step_200_mlp.1.weight_max,,,,,,0.0015898012788966298,0.001688751857727766,0.0018400894477963448,0.0018400894477963448
weights_step_200_mlp.1.weight_min,,,,,,0.001310950261540711,0.005269218236207962,0.004935508128255606,0.004935508128255606
weights_step_200_mlp.1.weight_var,,,,,,0.0,0.0,0.0,0.0
weights_step_200_mlp.1.weight_frobenius_norm,,,,,,0.0004773327091243118,0.0007625400903634727,0.0014115372905507684,0.0014115372905507684
weights_step_200_mlp.1.weight_spectral_norm,,,,,,0.006238862406462431,0.004483697470277548,0.0025851321406662464,0.0025851321406662464
weights_step_200_mlp.1.weight_alpha,,,,,,0.02487671934068203,0.026166433468461037,0.02679525874555111,0.02679525874555111
weights_step_200_mlp.1.weight_alpha_hat,,,,,,0.0023860179353505373,0.0021979184821248055,0.003558094846084714,0.003558094846084714
weights_step_200_mlp.2.weight_input_size,,,,,,0.0,0.0,0.0,0.0
weights_step_200_mlp.2.weight_output_size,,,,,,0.0,0.0,0.0,0.0
weights_step_200_mlp.2.weight_mean,,,,,,0.0052318815141916275,0.003377431770786643,0.001624064869247377,0.001624064869247377
weights_step_200_mlp.2.weight_median,,,,,,0.006261925678700209,0.006150071043521166,0.0018240887438878417,0.0018240887438878417
weights_step_200_mlp.2.weight_std,,,,,,0.0,0.0,0.0,0.0
weights_step_200_mlp.2.weight_max,,,,,,0.00013035394658800215,0.0001265863684238866,0.0060452488251030445,0.0060452488251030445
weights_step_200_mlp.2.weight_min,,,,,,0.004774047993123531,0.0025753069203346968,0.0,0.0
weights_step_200_mlp.2.weight_var,,,,,,1.0347244824515656e-05,0.0,0.0,0.0
weights_step_200_mlp.2.weight_frobenius_norm,,,,,,0.0016353725222870708,0.00167451286688447,0.0010744640603661537,0.0010744640603661537
weights_step_200_mlp.2.weight_spectral_norm,,,,,,0.00249665230512619,0.001943920273333788,0.002474893582984805,0.002474893582984805
weights_step_200_mlp.2.weight_alpha,,,,,,0.02654506079852581,0.02522922493517399,0.02786397375166416,0.02786397375166416
weights_step_200_mlp.2.weight_alpha_hat,,,,,,0.00023711069661658257,8.692210394656286e-05,0.0003625814861152321,0.0003625814861152321
weights_step_200_out.weight_input_size,,,,,,0.0,0.0,0.0,0.0
weights_step_200_out.weight_output_size,,,,,,0.0,0.0,0.0,0.0
weights_step_200_out.weight_mean,,,,,,0.002109343418851495,0.00038298696745187044,0.0002854830527212471,0.0002854830527212471
weights_step_200_out.weight_median,,,,,,0.00034247362054884434,0.000457454239949584,0.0005659392918460071,0.0005659392918460071
weights_step_200_out.weight_std,,,,,,0.00022820344020146877,0.0001830727414926514,0.0002060462284134701,0.0002060462284134701
weights_step_200_out.weight_max,,,,,,0.0008976398967206478,0.0009047486819326878,0.00081091612810269,0.00081091612810269
weights_step_200_out.weight_min,,,,,,5.143756789038889e-05,0.00043049282976426184,0.0018341559916734695,0.0018341559916734695
weights_step_200_out.weight_var,,,,,,0.0001775224372977391,0.00019495443848427385,0.00020887535356450826,0.00020887535356450826
weights_step_200_out.weight_frobenius_norm,,,,,,0.0008674766286276281,0.0002890974865294993,0.0008462602272629738,0.0008462602272629738
weights_step_200_out.weight_spectral_norm,,,,,,0.00011098559480160475,0.00011843615357065573,9.85926017165184e-05,9.85926017165184e-05
weights_step_200_out.weight_alpha,,,,,,0.0026468196883797646,0.003621673909947276,0.0032927740830928087,0.0032927740830928087
weights_step_200_out.weight_alpha_hat,,,,,,0.0018296443158760667,0.0015414628433063626,0.0024340208619832993,0.0024340208619832993
weights_step_200_model_variance,,,,,,0.0,1.4315824046207126e-05,0.0,0.0
weights_step_300_mlp.0.weight_input_size,,,,,,,0.0,0.0,0.0
weights_step_300_mlp.0.weight_output_size,,,,,,,0.0,0.0,0.0
weights_step_300_mlp.0.weight_mean,,,,,,,0.001449618604965508,0.001002783770672977,0.001002783770672977
weights_step_300_mlp.0.weight_median,,,,,,,0.004754120949655771,0.010038129985332489,0.010038129985332489
weights_step_300_mlp.0.weight_std,,,,,,,0.0008059777901507914,0.0010828949743881822,0.0010828949743881822
weights_step_300_mlp.0.weight_max,,,,,,,0.00034963502548635006,0.0004608556628227234,0.0004608556628227234
weights_step_300_mlp.0.weight_min,,,,,,,0.004873343743383884,0.01223481073975563,0.01223481073975563
weights_step_300_mlp.0.weight_var,,,,,,,0.00013304833555594087,5.589409192907624e-05,5.589409192907624e-05
weights_step_300_mlp.0.weight_frobenius_norm,,,,,,,0.00012051934754708782,8.564651216147467e-05,8.564651216147467e-05
weights_step_300_mlp.0.weight_spectral_norm,,,,,,,0.00797666609287262,0.0023858717177063227,0.0023858717177063227
weights_step_300_mlp.0.weight_alpha,,,,,,,0.0023501079995185137,0.003109991317614913,0.003109991317614913
weights_step_300_mlp.0.weight_alpha_hat,,,,,,,0.0007366673089563847,0.0005134785897098482,0.0005134785897098482
weights_step_300_mlp.1.weight_input_size,,,,,,,0.0,0.0,0.0
weights_step_300_mlp.1.weight_output_size,,,,,,,0.0,0.0,0.0
weights_step_300_mlp.1.weight_mean,,,,,,,0.001427529496140778,0.0016859829192981124,0.0016859829192981124
weights_step_300_mlp.1.weight_median,,,,,,,0.0011729284888133407,0.0011880354722961783,0.0011880354722961783
weights_step_300_mlp.1.weight_std,,,,,,,0.0,0.0006334203644655645,0.0006334203644655645
weights_step_300_mlp.1.weight_max,,,,,,,0.00030034533119760454,0.00012020183930872008,0.00012020183930872008
weights_step_300_mlp.1.weight_min,,,,,,,0.0023856249172240496,0.0005485214060172439,0.0005485214060172439
weights_step_300_mlp.1.weight_var,,,,,,,0.0,0.0,0.0
weights_step_300_mlp.1.weight_frobenius_norm,,,,,,,0.0,0.0003342040872666985,0.0003342040872666985
weights_step_300_mlp.1.weight_spectral_norm,,,,,,,0.009343914687633514,0.0065842741169035435,0.0065842741169035435
weights_step_300_mlp.1.weight_alpha,,,,,,,0.006210100371390581,0.0053383056074380875,0.0053383056074380875
weights_step_300_mlp.1.weight_alpha_hat,,,,,,,0.012553531676530838,0.011716100387275219,0.011716100387275219
weights_step_300_mlp.2.weight_input_size,,,,,,,0.0,0.0,0.0
weights_step_300_mlp.2.weight_output_size,,,,,,,0.0,0.0,0.0
weights_step_300_mlp.2.weight_mean,,,,,,,0.002354355761781335,0.0018396187806501985,0.0018396187806501985
weights_step_300_mlp.2.weight_median,,,,,,,0.00018240023928228766,0.0014311060076579452,0.0014311060076579452
weights_step_300_mlp.2.weight_std,,,,,,,0.0,0.0,0.0
weights_step_300_mlp.2.weight_max,,,,,,,9.49070727074286e-06,0.004545832518488169,0.004545832518488169
weights_step_300_mlp.2.weight_min,,,,,,,2.4812979972921312e-05,1.504875035607256e-05,1.504875035607256e-05
weights_step_300_mlp.2.weight_var,,,,,,,0.0,0.0,0.0
weights_step_300_mlp.2.weight_frobenius_norm,,,,,,,0.00010693299554986879,7.416192966047674e-05,7.416192966047674e-05
weights_step_300_mlp.2.weight_spectral_norm,,,,,,,0.005112022627145052,0.003976571839302778,0.003976571839302778
weights_step_300_mlp.2.weight_alpha,,,,,,,0.022733138874173164,0.009515286423265934,0.009515286423265934
weights_step_300_mlp.2.weight_alpha_hat,,,,,,,0.0025406561326235533,0.0019015712896361947,0.0019015712896361947
weights_step_300_out.weight_input_size,,,,,,,0.0,0.0,0.0
weights_step_300_out.weight_output_size,,,,,,,0.0,0.0,0.0
weights_step_300_out.weight_mean,,,,,,,0.00017264497000724077,0.0003537179727572948,0.0003537179727572948
weights_step_300_out.weight_median,,,,,,,0.0004592890618368983,0.0015293167671188712,0.0015293167671188712
weights_step_300_out.weight_std,,,,,,,6.338146340567619e-05,4.439741314854473e-05,4.439741314854473e-05
weights_step_300_out.weight_max,,,,,,,0.00019562405941542238,0.0014484548009932041,0.0014484548009932041
weights_step_300_out.weight_min,,,,,,,0.004479318857192993,0.0019290433265268803,0.0019290433265268803
weights_step_300_out.weight_var,,,,,,,8.206287020584568e-05,0.0,0.0
weights_step_300_out.weight_frobenius_norm,,,,,,,0.0004999612574465573,0.0009073005639947951,0.0009073005639947951
weights_step_300_out.weight_spectral_norm,,,,,,,0.0003858094569295645,0.00030822408734820783,0.00030822408734820783
weights_step_300_out.weight_alpha,,,,,,,0.0028491560369729996,0.0011201970046386123,0.0011201970046386123
weights_step_300_out.weight_alpha_hat,,,,,,,0.0015589740360155702,0.0016563000390306115,0.0016563000390306115
weights_step_300_model_variance,,,,,,,0.0,0.00022101751528680325,0.00022101751528680325
weights_step_400_mlp.0.weight_input_size,,,,,,,,0.0,0.0
weights_step_400_mlp.0.weight_output_size,,,,,,,,0.0,0.0
weights_step_400_mlp.0.weight_mean,,,,,,,,0.0020756933372467756,0.0020756933372467756
weights_step_400_mlp.0.weight_median,,,,,,,,0.00012506214261520654,0.00012506214261520654
weights_step_400_mlp.0.weight_std,,,,,,,,0.000220918795093894,0.000220918795093894
weights_step_400_mlp.0.weight_max,,,,,,,,0.0007414764259010553,0.0007414764259010553
weights_step_400_mlp.0.weight_min,,,,,,,,0.003974048886448145,0.003974048886448145
weights_step_400_mlp.0.weight_var,,,,,,,,4.56607922387775e-05,4.56607922387775e-05
weights_step_400_mlp.0.weight_frobenius_norm,,,,,,,,2.0693516489700414e-05,2.0693516489700414e-05
weights_step_400_mlp.0.weight_spectral_norm,,,,,,,,0.014099865220487118,0.014099865220487118
weights_step_400_mlp.0.weight_alpha,,,,,,,,0.00029495591297745705,0.00029495591297745705
weights_step_400_mlp.0.weight_alpha_hat,,,,,,,,0.0007454981096088886,0.0007454981096088886
weights_step_400_mlp.1.weight_input_size,,,,,,,,0.0,0.0
weights_step_400_mlp.1.weight_output_size,,,,,,,,0.0,0.0
weights_step_400_mlp.1.weight_mean,,,,,,,,0.0020212801173329353,0.0020212801173329353
weights_step_400_mlp.1.weight_median,,,,,,,,0.003064037999138236,0.003064037999138236
weights_step_400_mlp.1.weight_std,,,,,,,,0.00018120872846338898,0.00018120872846338898
weights_step_400_mlp.1.weight_max,,,,,,,,0.0007408773526549339,0.0007408773526549339
weights_step_400_mlp.1.weight_min,,,,,,,,0.0025099508929997683,0.0025099508929997683
weights_step_400_mlp.1.weight_var,,,,,,,,0.0,0.0
weights_step_400_mlp.1.weight_frobenius_norm,,,,,,,,0.00011303013161523268,0.00011303013161523268
weights_step_400_mlp.1.weight_spectral_norm,,,,,,,,0.011018414981663227,0.011018414981663227
weights_step_400_mlp.1.weight_alpha,,,,,,,,0.007089553866535425,0.007089553866535425
weights_step_400_mlp.1.weight_alpha_hat,,,,,,,,0.005557638127356768,0.005557638127356768
weights_step_400_mlp.2.weight_input_size,,,,,,,,0.0,0.0
weights_step_400_mlp.2.weight_output_size,,,,,,,,0.0,0.0
weights_step_400_mlp.2.weight_mean,,,,,,,,0.0003482743923086673,0.0003482743923086673
weights_step_400_mlp.2.weight_median,,,,,,,,0.008945068344473839,0.008945068344473839
weights_step_400_mlp.2.weight_std,,,,,,,,0.0,0.0
weights_step_400_mlp.2.weight_max,,,,,,,,2.7627225790638477e-05,2.7627225790638477e-05
weights_step_400_mlp.2.weight_min,,,,,,,,3.6352474126033485e-05,3.6352474126033485e-05
weights_step_400_mlp.2.weight_var,,,,,,,,0.0,0.0
weights_step_400_mlp.2.weight_frobenius_norm,,,,,,,,6.877457781229168e-05,6.877457781229168e-05
weights_step_400_mlp.2.weight_spectral_norm,,,,,,,,0.005710460711270571,0.005710460711270571
weights_step_400_mlp.2.weight_alpha,,,,,,,,0.0004791006213054061,0.0004791006213054061
weights_step_400_mlp.2.weight_alpha_hat,,,,,,,,0.0031065100338310003,0.0031065100338310003
weights_step_400_out.weight_input_size,,,,,,,,0.0,0.0
weights_step_400_out.weight_output_size,,,,,,,,0.0,0.0
weights_step_400_out.weight_mean,,,,,,,,0.0003300115931779146,0.0003300115931779146
weights_step_400_out.weight_median,,,,,,,,0.0017274902202188969,0.0017274902202188969
weights_step_400_out.weight_std,,,,,,,,0.001131898839958012,0.001131898839958012
weights_step_400_out.weight_max,,,,,,,,0.0,0.0
weights_step_400_out.weight_min,,,,,,,,0.010698488913476467,0.010698488913476467
weights_step_400_out.weight_var,,,,,,,,0.0011632955865934491,0.0011632955865934491
weights_step_400_out.weight_frobenius_norm,,,,,,,,0.0007365948404185474,0.0007365948404185474
weights_step_400_out.weight_spectral_norm,,,,,,,,0.0005831557791680098,0.0005831557791680098
weights_step_400_out.weight_alpha,,,,,,,,0.002238274784758687,0.002238274784758687
weights_step_400_out.weight_alpha_hat,,,,,,,,0.0017315197037532926,0.0017315197037532926
weights_step_400_model_variance,,,,,,,,0.0,0.0
